Code;Description
995411;All Services Construction services Construction services of single dwelling or multi dwelling or multi-storied residential buildings
995412;All Services Construction services Construction services of other residential buildings such as old age homes, homeless shelters, hostels and the like
995413;All Services Construction services Construction services of industrial buildings such as buildings used for production activities (used for assembly line activities), workshops, storage buildings and other similar industrial buildings
995414;All Services Construction services Construction services of commercial buildings such as office buildings, exhibition and marriage halls, malls, hotels, restaurants, airports, rail or road terminals, parking garages, petrol and service stations, theatres and other similar buildings
995415;All Services Construction services Construction services of other non-residential buildings such as educational institutions, hospitals, clinics including veterinary clinics, religious establishments, courts, prisons, museums and other similar buildings
995416;All Services Construction services Construction services of other buildings nowhere else classified
995417;All Services Construction services (i) Construction services of commercial buildings such as office buildings, exhibition and marriage halls, malls, hotels, restaurants, airports, rail or road terminals, parking garages, petrol and service stations, theatres and other similar buildings (i...
995418;All Services Construction services Services by way of house-keeping, such as plumbing, carpentering, etc. where the person supplying such service through electronic commerce operator is not liable for registration under sub-section (1) of section 22 of the Central Goods and Services Tax A...
995419;All Services Construction services Services involving repair, alterations, additions, replacements, renovation, maintenance or remodeling of the buildings covered above
995421;All Services Construction services General construction services of highways, streets, roads, railways and airfield runways, bridges and tunnels
995422;All Services Construction services General construction services of harbours, waterways, dams, water mains and lines, irrigation and other waterworks
995423;"All Services Construction services General construction services of long-distance underground/ overland/ submarine pipelines, communication and electric power lines (cables); pumping stations and related works; transformer stations and related works"
995424;All Services Construction services General construction services of local water and sewage pipelines, electricity and communication cables and related works
995425;All Services Construction services General construction services of mines and industrial plants
995426;All Services Construction services General Construction services of Power Plants and its related infrastructure
995427;All Services Construction services General construction services of outdoor sport and recreation facilities
995428;All Services Construction services General construction services of other civil engineering works nowhere else classified
995429;All Services Construction services Services involving repair, alterations, additions, replacements, renovation, maintenance or remodeling of the constructions covered above
995431;All Services Construction services Demolition services
995432;All Services Construction services Site formation and clearance services including preparation services to make sites ready for subsequent construction work, test drilling and boring and core extraction, digging of trenches
995433;All Services Construction services Excavating and earthmoving services
995434;All Services Construction services Water well drilling services and septic system installation services
995435;All Services Construction services Other site preparation services nowhere else classified
995439;All Services Construction services Services involving repair, alterations, additions, replacements, maintenance of the constructions covered above
995441;All Services Construction services Installation, assembly and erection services of prefabricated buildings
995442;All Services Construction services Installation, assembly and erection services of other prefabricated structures and constructions
995443;All Services Construction services Installation services of all types of street furniture (such as bus shelters, benches, telephone booths, public toilets, and the like)
995444;All Services Construction services Other assembly and erection services nowhere else classified
995449;All Services Construction services Services involving repair, alterations, additions, replacements, maintenance of the constructions covered above
995451;All Services Construction services Pile driving and foundation services
995452;All Services Construction services Building framing and roof framing services
995453;All Services Construction services Roofing and waterproofing services
995454;All Services Construction services Concrete services
995455;All Services Construction services Structural steel erection services
995456;All Services Construction services Masonry services
995457;All Services Construction services Scaffolding services
995458;All Services Construction services Other special trade construction services nowhere else classified
995459;All Services Construction services Services involving repair, alterations, additions, replacements, maintenance of the constructions covered above
995461;All Services Construction services Electrical installation services including Electrical wiring and fitting services, fire alarm installation services, burglar alarm system installation services
995462;All Services Construction services Water plumbing and drain laying services
995463;All Services Construction services Heating, ventilation and air conditioning equipment installation services
995464;All Services Construction services Gas fitting installation services
995465;All Services Construction services Insulation services
995466;All Services Construction services Lift and escalator installation services
995468;All Services Construction services Other installation services nowhere else classified
995469;All Services Construction services Services involving repair, alterations, additions, replacements, maintenance of the installations covered above
995471;All Services Construction services Glazing services
995472;All Services Construction services Plastering services
995473;All Services Construction services Painting services
995474;All Services Construction services Floor and wall tiling services
995475;All Services Construction services Other floor laying, wall covering and wall papering services
995476;All Services Construction services Joinery and carpentry services
995477;All Services Construction services Fencing and railing services
995478;All Services Construction services Other building completion and finishing services nowhere else classified
995479;All Services Construction services Services involving repair, alterations, additions, replacements, maintenance of the completion/finishing works covered above
996111;All Services Services in wholesale trade Services provided for a fee or commission or on contract basis on wholesale trade
996211;All Services Services in retail trade Services provided for a fee or commission or on contract basis on retail trade
996311;All Services Accommodation, food and beverage services Room or unit accommodation services provided by Hotels, Inn, Guest House, Club and the like
996312;All Services Accommodation, food and beverage services Camp site services
996313;All Services Accommodation, food and beverage services Recreational and vacation camp services
996321;All Services Accommodation, food and beverage services Room or unit accommodation services for students in student residences
996322;All Services Accommodation, food and beverage services Room or unit accommodation services provided by Hostels, Camps, Paying Guest and the like
996329;All Services Accommodation, food and beverage services Other room or unit accommodation services nowhere else classified
996331;All Services Accommodation, food and beverage services Services provided by restaurants, cafes and similar eating facilities including takeaway services, room services and door delivery of food
996332;All Services Accommodation, food and beverage services Services provided by Hotels, Inn, Guest House, Club and the like including room services, takeaway services and door delivery of food
996333;All Services Accommodation, food and beverage services Services provided in canteen and other similar establishments
996334;All Services Accommodation, food and beverage services Catering Services in exhibition halls, events, marriage halls and other outdoor/indoor functions
996335;All Services Accommodation, food and beverage services Catering services in trains, flights and the like
996336;All Services Accommodation, food and beverage services Preparation or supply services of food, edible preparations, alcoholic and non-alcoholic beverages to airlines and other transportation operators
996337;All Services Accommodation, food and beverage services Other contract food services
996339;All Services Accommodation, food and beverage services Other food, edible preparations, alcoholic and non-alcoholic beverages serving services nowhere else classified
996411;All Services Passenger transport services Local land transport services of passengers by railways, metro, monorail, bus, tramway, autos, three wheelers, scooters and other motor vehicles
996412;All Services Passenger transport services Taxi services including radio taxi and other similar services
996413;All Services Passenger transport services Non-scheduled local bus and coach charter services
996414;All Services Passenger transport services Other land transportation services of passengers
996415;All Services Passenger transport services Local water transport services of passengers by ferries, cruises and the like
996416;All Services Passenger transport services Sightseeing transportation services by rail, land, water and air
996417;All Services Passenger transport services Transport services of passengers by ropeways
996418;All Services Passenger transport services Sightseeing transportation services by rail or road
996419;All Services Passenger transport services Other local transportation services of passengers nowhere else classified
996421;All Services Passenger transport services Long-distance transport services of passengers through rail network by railways, metro and the like
996422;All Services Passenger transport services Long-distance transport services of passengers through road by bus, car, non-scheduled long distance bus and coach services, stage carriage and the like
996423;All Services Passenger transport services Taxi services including radio taxi and other similar services
996424;All Services Passenger transport services Coastal and transoceanic (overseas) water transport services of passengers by Ferries, Cruise Ships and the like
996425;All Services Passenger transport services Domestic/ international scheduled air transport services of passengers
996426;All Services Passenger transport services Domestic/ international non-scheduled air transport services of passengers
996427;All Services Passenger transport services Space transport services of passengers
996429;All Services Passenger transport services Other long-distance transportation services of passengers nowhere else classified
996431;All Services Passenger transport services Long-distance transport service of passengers through rail network by railways
996432;All Services Passenger transport services Scheduled long-distance transport services of passengers through road by bus and coach services including stage carriage, contract carriage and the like
996433;All Services Passenger transport services Non-scheduled long-distance transport services of passengers through road by bus and coach services including stage carriage, contract carriage and the like
996434;All Services Passenger transport services Long-distance transport service of passengers by any motor vehicle other than bus including motorcab, maxicab  and radio taxi
996439;All Services Passenger transport services Other long distance transport service of passengers by land nowhere else specified
996441;All Services Passenger transport services Coastal water transport service of passengers by ferries and the like
996442;All Services Passenger transport services Coastal  water transport service of passengers by cruise ships and the like
996443;All Services Passenger transport services Inland water transport service of passengers by ferries and the like
996444;All Services Passenger transport services Inland water transport service of passengers by cruise ships and the like
996445;All Services Passenger transport services International water transport services of passengers by ferries, cruise ships and the like
996449;All Services Passenger transport services Other long distance transport service of passengers by water nowhere else specified
996451;All Services Passenger transport services Domestic scheduled air transport service of passengers in economy class
996452;All Services Passenger transport services Domestic scheduled air transport service of passengers in other than economy class
996453;All Services Passenger transport services Domestic non-scheduled air transport service of passengers
996454;All Services Passenger transport services International scheduled air transport service of passengers in economy class
996455;All Services Passenger transport services International scheduled air transport service of passengers in other than economy class
996456;All Services Passenger transport services International non-scheduled air transport service of passengers
996459;All Services Passenger transport services Other long-distance transportation service of passengers by air nowhere else specified including space transport service of passengers
996511;All Services Goods Transport Services Road transport services of Goods including letters, parcels, live animals, household and office furniture, containers and the like by refrigerator vehicles, trucks, trailers, man or animal drawn vehicles or any other vehicles
996512;All Services Goods Transport Services Railway transport services of Goods including letters, parcels, live animals, household and office furniture, intermodal containers, bulk cargo and the like
996513;All Services Goods Transport Services Transport services of petroleum and natural gas, water, sewerage and other goods via pipeline
996514;All Services Goods Transport Services Transport services via pipeline of other chemicals, coal slurry and of other goods
996515;All Services Goods Transport Services Moving services of household goods, office equipment and furniture
996516;All Services Goods Transport Services Road transport services of goods including letters, parcels, live animals, containers and the like in referigerated vehicles, trucks, trailers or any other motor vehicle or in man or animal driven vehicles by any person other than a goods transport agency
996517;All Services Goods Transport Services Railway transport services of goods including letters, parcels, live animals, household and office furniture, intermodal containers, bulk cargo and the like by  Container Transport Operators (CTOs) other than Railways
996518;All Services Goods Transport Services Transport of goods by ropeways
996519;All Services Goods Transport Services Other land transport services of goods nowhere else classified
996521;All Services Goods Transport Services Coastal and transoceanic (overseas) water transport services of goods by refrigerator vessels, tankers, bulk cargo vessels, container ships and the like
996522;All Services Goods Transport Services Inland water transport services of goods by refrigerator vessels, tankers and other vessels
996523;All Services Goods Transport Services International water transport services of goods by refrigerated vessels,  tankers, bulk cargo vessels, container ships and the like
996531;All Services Goods Transport Services Air transport services of letters and parcels and other goods
996532;All Services Goods Transport Services Space transport services of freight
996540;All Services Goods Transport Services Multimodal Transport of goods from a place in India to another place in India
996601;All Services Rental services of transport vehicles with operators Rental services of road vehicles including buses, coaches, cars, trucks and other motor vehicles, operator
996602;All Services Rental services of transport vehicles with operators Rental services of water vessels including passenger vessels, freight vessels and the like operator
996603;All Services Rental services of transport vehicles with operators Rental services of aircraft including passenger aircrafts, freight aircrafts and the like operator
996604;All Services Rental services of transport vehicles with operators Rental services of passenger vessels  with operator
996605;All Services Rental services of transport vehicles with operators Rental services of goods vessels with operator
996606;All Services Rental services of transport vehicles with operators Rental service of passenger aircraft with operator
996607;All Services Rental services of transport vehicles with operators Rental service of goods aircraft with operator
996609;All Services Rental services of transport vehicles with operators Rental services of other transport vehicles nowhere else classified operator
996711;All Services Supporting services in transport Container handling services
996712;All Services Supporting services in transport Customs House Agent services
996713;All Services Supporting services in transport Clearing and forwarding services
996719;All Services Supporting services in transport Other cargo and baggage handling services
996721;All Services Supporting services in transport Refrigerated storage services
996722;All Services Supporting services in transport Bulk liquid or gas storage services
996729;All Services Supporting services in transport Other storage and warehousing services
996731;All Services Supporting services in transport Railway pushing or towing services
996739;All Services Supporting services in transport Other supporting services for railway transport nowhere else classified
996741;All Services Supporting services in transport Bus station services
996742;"All Services Supporting services in transport Operation services of national highways, state highways, expressways, roads and streets; bridges and tunnel operation services"
996743;All Services Supporting services in transport Parking lot services
996744;All Services Supporting services in transport Towing services for commercial and private vehicles
996749;All Services Supporting services in transport Other supporting services for road transport nowhere else classified
996751;All Services Supporting services in transport Port and waterway operation services (excluding cargo handling) such as operation services of ports, docks, light houses, light ships and the like
996752;All Services Supporting services in transport Pilotage and berthing services
996753;All Services Supporting services in transport Vessel salvage and refloating services
996754;All Services Supporting services in transport Maintenance, repair or overhaul services in respect of ships and other vessels, their engines and other components or parts
996759;All Services Supporting services in transport Other supporting services for water transport nowhere else classified
996761;All Services Supporting services in transport Airport operation services (excluding cargo handling)
996762;All Services Supporting services in transport Air traffic control services
996763;All Services Supporting services in transport Other supporting services for air transport
996764;All Services Supporting services in transport Supporting services for space transport
996768;All Services Supporting services in transport Other supporting services for air transport
996769;All Services Supporting services in transport Supporting services for space transport
996791;All Services Supporting services in transport Goods transport agency services for road transport
996792;All Services Supporting services in transport Goods transport agency services for other modes of transport
996793;All Services Supporting services in transport Other goods transport services 
996799;All Services Supporting services in transport Other supporting transport services nowhere else classified
996811;All Services Postal and courier services Postal services including post office counter services, mail box rental services
996812;All Services Postal and courier services Courier services
996813;All Services Postal and courier services Local delivery services
996819;All Services Postal and courier services Other Delivery Services nowhere else classified
996911;All Services Electricity, gas, water and other distribution services Electricity transmission services
996912;All Services Electricity, gas, water and other distribution services Electricity distribution services
996913;All Services Electricity, gas, water and other distribution services Gas distribution services
996921;All Services Electricity, gas, water and other distribution services Water distribution services
996922;All Services Electricity, gas, water and other distribution services Services involving distribution of steam, hot water and air conditioning supply and the like
996929;All Services Electricity, gas, water and other distribution services Other similar services
997111;All Services Financial and related services Central banking services
997112;All Services Financial and related services Deposit services
997113;All Services Financial and related services Credit-granting services including stand-by commitment, guarantees and securities
997114;All Services Financial and related services Financial leasing services
997115;All Services Financial and related services Transfer of the right to use any goods for any purpose (whether or not for a specified period) for cash, deferred payment or other valuable consideration.
997116;All Services Financial and related services Any transfer of right in goods or of undivided share in goods without the transfer of title thereof.
997119;All Services Financial and related services Other financial services (except investment banking, insurance services and pension services)
997120;All Services Financial and related services Investment banking services 
997131;All Services Financial and related services pension services
997132;All Services Financial and related services Life insurance services  (excluding reinsurance services)
997133;All Services Financial and related services Accident and health insurance services
997134;All Services Financial and related services Motor vehicle insurance services
997135;All Services Financial and related services Marine, aviation, and other transport insurance services
997136;All Services Financial and related services Freight insurance services and travel insurance services
997137;All Services Financial and related services Other property insurance services
997138;All Services Financial and related services Freight insurance services and travel insurance services
997139;All Services Financial and related services Other non-life insurance services (excluding reinsurance services)
997141;All Services Financial and related services Life reinsurance services
997142;All Services Financial and related services Accident and health reinsurance services
997143;All Services Financial and related services Motor vehicle reinsurance services
997144;All Services Financial and related services Marine, aviation and other transport reinsurance services
997145;All Services Financial and related services Freight reinsurance services
997146;All Services Financial and related services Other property reinsurance services
997147;All Services Financial and related services Other property reinsurance services
997149;All Services Financial and related services Other non-life reinsurance services 
997151;All Services Financial and related services Services related to investment banking such as mergers and acquisition services, corporate finance and venture capital services
997152;All Services Financial and related services Brokerage and related securities and commodities services including commodity exchange services
997153;All Services Financial and related services Portfolio management services except pension funds
997154;All Services Financial and related services Trust and custody services
997155;All Services Financial and related services Services related to the administration of financial markets
997156;All Services Financial and related services Financial consultancy services
997157;All Services Financial and related services Foreign exchange services
997158;All Services Financial and related services Financial transactions processing and clearing house services
997159;All Services Financial and related services Other services auxiliary to financial services
997161;All Services Financial and related services Services auxiliary to insurance and pensions
997162;All Services Financial and related services Insurance claims adjustment services
997163;All Services Financial and related services Actuarial services
997164;All Services Financial and related services Pension fund management services
997169;All Services Financial and related services Other services auxiliary to insurance and pensions 
997171;All Services Financial and related services Services of holding equity of subsidiary companies
997172;All Services Financial and related services Services of holding securities and other assets of trusts and funds and similar financial entities
997211;All Services Real estate services Rental or leasing services involving own or leased residential property
997212;All Services Real estate services Rental or leasing services involving own or leased non-residential property
997213;All Services Real estate services Trade services of buildings
997214;All Services Real estate services Trade services of time-share properties
997215;All Services Real estate services Trade services of vacant and subdivided land
997219;All Services Real estate services Other real estate services involving owned or leased property
997221;All Services Real estate services Property management services on a fee or commission basis or on contract basis
997222;All Services Real estate services Building sales on a fee or commission basis or on contract basis
997223;All Services Real estate services Land sales on a fee or commission basis or on contract basis
997224;All Services Real estate services Real estate appraisal services on a fee or commission basis or on contract basis
997229;All Services Real estate services Other real estate services on a fee or commission basis or on contract basis
997231;All Services Real estate services Services by way of grant of development rights, FSI or additional FSI
997311;All Services Leasing or rental services without operator Leasing or rental services concerning transport equipments including containers, without operator
997312;All Services Leasing or rental services without operator Leasing or rental services concerning agricultural machinery and equipment without operator
997313;All Services Leasing or rental services without operator Leasing or rental services concerning construction machinery and equipment without operator
997314;All Services Leasing or rental services without operator Leasing or rental services concerning office machinery and equipment (except computers) without operator
997315;All Services Leasing or rental services without operator Leasing or rental services concerning computers without operators
997316;All Services Leasing or rental services without operator Leasing or rental services concerning telecommunications equipment without operator
997317;All Services Leasing or rental services without operator Leasing or rental services concerning other machinery and equipment without operator 
997318;All Services Leasing or rental services without operator Transfer of the right to use any goods for any purpose (whether or not for a specified period) for cash, deferred payment or other valuable consideration.
997319;All Services Leasing or rental services without operator Leasing or rental services concerning other machinery and equipments without operator
997321;All Services Leasing or rental services without operator Leasing or rental services concerning televisions, radios, video cassette recorders, projectors, audio systems and related equipment and accessories (home entertainment equipment )
997322;All Services Leasing or rental services without operator Leasing or rental services concerning video tapes and disks (home entertainment equipment )
997323;All Services Leasing or rental services without operator Leasing or rental services concerning furniture and other household appliances
997324;All Services Leasing or rental services without operator Leasing or rental services concerning pleasure and leisure equipment
997325;All Services Leasing or rental services without operator Leasing or rental services concerning household linen
997326;All Services Leasing or rental services without operator Leasing or rental services concerning textiles, clothing and footwear
997327;All Services Leasing or rental services without operator Leasing or rental services concerning do-it-yourself machinery and equipment
997328;All Services Leasing or rental services without operator Transfer of the right to use any goods for any purpose (whether or not for a specified period) for cash, deferred payment or other valuable consideration.
997329;All Services Leasing or rental services without operator Leasing or rental services concerning other goods
997331;All Services Leasing or rental services without operator Licensing services for the right to use computer software and databases
997332;All Services Leasing or rental services without operator Licensing services for the right to broadcast and show original films, sound recordings, radio and television programme and the like
997333;All Services Leasing or rental services without operator Licensing services for the right to reproduce original art works
997334;All Services Leasing or rental services without operator Licensing services for the right to reprint and copy manuscripts, books, journals and periodicals
997335;All Services Leasing or rental services without operator Licensing services for the right to use research and development  products
997336;All Services Leasing or rental services without operator Licensing services for the right to use trademarks and franchises
997337;All Services Leasing or rental services without operator Licensing services for the right to use minerals including its exploration and evaluation
997338;All Services Leasing or rental services without operator Licensing services for right to use other natural resources including telecommunication spectrum
997339;All Services Leasing or rental services without operator Licensing services for the right to use other intellectual property products and other resources nowhere else classified
998111;All Services Research and development services Research and experimental development services in natural sciences
998112;All Services Research and development services Research and experimental development services in engineering and technology
998113;All Services Research and development services Research and experimental development services in medical sciences and pharmacy
998114;All Services Research and development services Research and experimental development services in agricultural sciences
998121;All Services Research and development services Research and experimental development services in social sciences
998122;All Services Research and development services Research and experimental development services in humanities
998130;All Services Research and development services Interdisciplinary research and experimental development services
998141;All Services Research and development services Research and development originals in pharmaceuticals
998142;All Services Research and development services Research and development originals in agriculture
998143;All Services Research and development services Research and development originals in biotechnology
998144;All Services Research and development services Research and development originals in computer related sciences
998145;All Services Research and development services Research and development originals in other fields nowhere else classified
998149;All Services Research and development services Research and development originals in other fields nowhere else classified
998211;All Services Legal and accounting services Legal advisory and representation services concerning criminal law
998212;All Services Legal and accounting services Legal advisory and representation services concerning other fields of law
998213;All Services Legal and accounting services Legal documentation and certification services concerning patents, copyrights and other intellectual property rights
998214;All Services Legal and accounting services Legal documentation and certification services concerning other documents
998215;All Services Legal and accounting services Arbitration and conciliation services
998216;All Services Legal and accounting services Other legal services nowhere else classified
998219;All Services Legal and accounting services Other legal services nowhere else classified
998221;All Services Legal and accounting services Financial auditing services
998222;All Services Legal and accounting services Accounting and bookkeeping services
998223;All Services Legal and accounting services Payroll services
998224;All Services Legal and accounting services Other similar services nowhere else classified
998229;All Services Legal and accounting services Other similar services nowhere else classified
998231;All Services Legal and accounting services Corporate tax consulting and preparation services
998232;All Services Legal and accounting services Individual tax preparation and planning services
998239;All Services Legal and accounting services Other tax consultancy and preparation services 
998240;All Services Legal and accounting services Insolvency and receivership services
998311;All Services Other professional, technical and business services Management consulting and management services including financial, strategic, human resources, marketing, operations and supply chain management
998312;All Services Other professional, technical and business services Business consulting services including public relations services
998313;All Services Other professional, technical and business services Information technology consulting and support services
998314;All Services Other professional, technical and business services Information technology design and development services
998315;All Services Other professional, technical and business services Hosting and information technology infrastructure provisioning services
998316;All Services Other professional, technical and business services Information technology infrastructure and network management services
998319;All Services Other professional, technical and business services Other information technology services nowhere else classified
998321;All Services Other professional, technical and business services Architectural advisory services
998322;All Services Other professional, technical and business services Architectural services for residential building projects
998323;All Services Other professional, technical and business services Architectural services for non-residential building projects
998324;All Services Other professional, technical and business services Historical restoration architectural services
998325;All Services Other professional, technical and business services Urban planning services
998326;All Services Other professional, technical and business services Rural land planning services
998327;All Services Other professional, technical and business services Project site master planning services
998328;All Services Other professional, technical and business services Landscape architectural services and advisory services
998329;All Services Other professional, technical and business services Other architectural services, urban and land planning and landscape architectural services
998331;All Services Other professional, technical and business services Engineering advisory services
998332;All Services Other professional, technical and business services Engineering services for building projects
998333;All Services Other professional, technical and business services Engineering services for industrial and manufacturing projects
998334;All Services Other professional, technical and business services Engineering services for transportation projects
998335;All Services Other professional, technical and business services Engineering services for power projects
998336;All Services Other professional, technical and business services Engineering services for telecommunications and broadcasting projects
998337;All Services Other professional, technical and business services Engineering services for waste management projects (hazardous and non-hazardous), for water, sewerage and drainage projects
998338;All Services Other professional, technical and business services Engineering services for other projects nowhere else classified
998339;All Services Other professional, technical and business services Project management services for construction projects
998341;All Services Other professional, technical and business services Geological and geophysical consulting services
998342;All Services Other professional, technical and business services Subsurface surveying services
998343;All Services Other professional, technical and business services Mineral exploration and evaluation
998344;All Services Other professional, technical and business services Surface surveying and map-making services
998345;All Services Other professional, technical and business services Weather forecasting and meteorological services
998346;All Services Other professional, technical and business services Technical testing and analysis services
998347;All Services Other professional, technical and business services Certification of ships, aircraft, dams, and the like
998348;All Services Other professional, technical and business services Certification and authentication of works of art
998349;All Services Other professional, technical and business services Other technical and scientific services nowhere else classified
998351;All Services Other professional, technical and business services Veterinary services for pet animals
998352;All Services Other professional, technical and business services Veterinary services for livestock
998359;All Services Other professional, technical and business services Other veterinary services nowhere else classified
998361;All Services Other professional, technical and business services Advertising Services
998362;All Services Other professional, technical and business services Purchase or sale of advertising space or time, on commission
998363;All Services Other professional, technical and business services Sale of advertising space in print media (except on commission)
998364;All Services Other professional, technical and business services Sale of television and radio advertising time
998365;All Services Other professional, technical and business services Sale of Internet advertising space
998366;All Services Other professional, technical and business services Sale of other advertising space or time (except on commission)
998371;All Services Other professional, technical and business services Market research services
998372;All Services Other professional, technical and business services Public opinion polling services
998381;All Services Other professional, technical and business services Portrait photography services
998382;All Services Other professional, technical and business services Advertising and related photography services
998383;All Services Other professional, technical and business services Event photography and event videography services
998384;All Services Other professional, technical and business services Specialty photography services
998385;All Services Other professional, technical and business services Restoration and retouching services of photography
998386;All Services Other professional, technical and business services Photographic and videographic processing services
998387;All Services Other professional, technical and business services Other photography and videography and their processing services nowhere else classified
998389;All Services Other professional, technical and business services Other photography and videography and their processing services nowhere else classified
998391;All Services Other professional, technical and business services Specialty design services including interior design, fashion design, industrial design and other specialty design services
998392;All Services Other professional, technical and business services Design originals
998393;All Services Other professional, technical and business services Scientific and technical consulting services
998394;All Services Other professional, technical and business services Original compilations of facts or information
998395;All Services Other professional, technical and business services Translation and interpretation services
998396;All Services Other professional, technical and business services Trademarks and franchises
998397;All Services Other professional, technical and business services Sponsorship services and brand promotion services
998398;All Services Other professional, technical and business services Sponsorship services and brand promotion services
998399;All Services Other professional, technical and business services Other professional, technical and business services nowhere else classified
998411;All Services Telecommunications, broadcasting and information supply services Carrier services
998412;All Services Telecommunications, broadcasting and information supply services Fixed telephony services
998413;All Services Telecommunications, broadcasting and information supply services Mobile telecommunications services
998414;All Services Telecommunications, broadcasting and information supply services Private network services
998415;All Services Telecommunications, broadcasting and information supply services Data transmission services
998419;All Services Telecommunications, broadcasting and information supply services Other telecommunications services including fax services, telex services nowhere else classified
998421;All Services Telecommunications, broadcasting and information supply services Internet backbone services
998422;All Services Telecommunications, broadcasting and information supply services Internet access services in wired and wireless mode
998423;All Services Telecommunications, broadcasting and information supply services Fax, telephony over the Internet
998424;All Services Telecommunications, broadcasting and information supply services Audio conferencing and video conferencing over the Internet
998429;All Services Telecommunications, broadcasting and information supply services Other internet telecommunications services nowhere else classified
998431;All Services Telecommunications, broadcasting and information supply services On-line text based information such as online books, newspapers, periodicals, directories and the like
998432;All Services Telecommunications, broadcasting and information supply services On-line audio content
998433;All Services Telecommunications, broadcasting and information supply services On-line video content
998434;All Services Telecommunications, broadcasting and information supply services Software downloads
998435;All Services Telecommunications, broadcasting and information supply services Supply consisting only of e-book.
998439;All Services Telecommunications, broadcasting and information supply services Other on-line contents nowhere else classified
998441;All Services Telecommunications, broadcasting and information supply services News agency services to newspapers and periodicals
998442;All Services Telecommunications, broadcasting and information supply services Services of independent journalists and press photographers
998443;All Services Telecommunications, broadcasting and information supply services News agency services to audiovisual media
998451;All Services Telecommunications, broadcasting and information supply services Library services
998452;All Services Telecommunications, broadcasting and information supply services Operation services of public archives including digital archives
998453;All Services Telecommunications, broadcasting and information supply services Operation services of historical archives including digital archives
998461;All Services Telecommunications, broadcasting and information supply services Radio broadcast originals
998462;All Services Telecommunications, broadcasting and information supply services Television broadcast originals
998463;All Services Telecommunications, broadcasting and information supply services Radio channel programmes
998464;All Services Telecommunications, broadcasting and information supply services Television channel programmes
998465;All Services Telecommunications, broadcasting and information supply services Broadcasting services
998466;All Services Telecommunications, broadcasting and information supply services Home programme distribution services
998469;All Services Telecommunications, broadcasting and information supply services Other broadcasting, programming and programme distribution services
998511;All Services Support services Executive or retained personnel search services
998512;All Services Support services Permanent placement services, other than executive search services
998513;All Services Support services Contract staffing services
998514;All Services Support services Temporary staffing services
998515;All Services Support services Long-term staffing (pay rolling) services
998516;All Services Support services Temporary staffing-to-permanent placement services
998517;All Services Support services Co-employment staffing services
998519;All Services Support services Other employment and labour supply services nowhere else classified
998521;All Services Support services Investigation services
998522;All Services Support services Security consulting services
998523;All Services Support services Security systems services
998524;All Services Support services Armoured car services
998525;All Services Support services Guard services
998526;All Services Support services Training of guard dogs
998527;All Services Support services Polygraph services
998528;All Services Support services Fingerprinting services
998529;All Services Support services Other security services nowhere else classified
998531;All Services Support services Disinfecting and exterminating services
998532;All Services Support services Window cleaning services
998533;All Services Support services General cleaning services
998534;All Services Support services Specialised cleaning services for reservoirs and tanks
998535;All Services Support services Sterilisation of objects or premises (operating rooms)
998536;All Services Support services Furnace and chimney cleaning services
998537;All Services Support services Exterior cleaning of buildings of all types
998538;All Services Support services Cleaning of transportation equipment
998539;All Services Support services Other cleaning services nowhere else classified
998540;All Services Support services Packaging services of goods for others
998541;All Services Support services Parcel packing and gift wrapping
998542;All Services Support services Coin and currency packing services
998543;All Services Support services Coin and currency packing services
998549;All Services Support services Other packaging services nowhere else classified
998551;All Services Support services Reservation services for transportation
998552;All Services Support services Reservation services for accommodation, cruises and package tours
998553;All Services Support services Reservation services for convention centres, congress centres and exhibition halls
998554;All Services Support services Reservation services for event tickets, cinema halls, entertainment and recreational services and other reservation services
998555;All Services Support services Tour operator services
998556;All Services Support services Tourist guide services
998557;All Services Support services Tourism promotion and visitor information services
998559;All Services Support services Other travel arrangement and related services nowhere else classified
998591;All Services Support services Credit reporting and rating services
998592;All Services Support services Collection agency services
998593;All Services Support services Telephone-based support services
998594;All Services Support services Combined office administrative services
998595;All Services Support services Specialised office support services such as duplicating services, mailing services, document preparation and the like
998596;All Services Support services Events, Exhibitions, Conventions and trade shows organisation and assistance services
998597;All Services Support services Landscape care and maintenance services
998598;All Services Support services Other information services nowhere else classified
998599;All Services Support services Other support services nowhere else classified
998611;All Services Support services to agriculture, hunting, forestry, fishing, mining and utilities Support services to crop production
998612;All Services Support services to agriculture, hunting, forestry, fishing, mining and utilities Animal husbandry services
998613;All Services Support services to agriculture, hunting, forestry, fishing, mining and utilities Support services to hunting
998614;All Services Support services to agriculture, hunting, forestry, fishing, mining and utilities Support services to forestry and logging
998615;All Services Support services to agriculture, hunting, forestry, fishing, mining and utilities Support services to fishing
998619;All Services Support services to agriculture, hunting, forestry, fishing, mining and utilities Other support services to agriculture, hunting, forestry and fishing
998621;All Services Support services to agriculture, hunting, forestry, fishing, mining and utilities Support services to oil and gas extraction
998622;All Services Support services to agriculture, hunting, forestry, fishing, mining and utilities Support services to other mining nowhere else classified
998631;All Services Support services to agriculture, hunting, forestry, fishing, mining and utilities Support services to electricity transmission and distribution
998632;All Services Support services to agriculture, hunting, forestry, fishing, mining and utilities Support services to gas distribution
998633;All Services Support services to agriculture, hunting, forestry, fishing, mining and utilities Support services to water distribution
998634;All Services Support services to agriculture, hunting, forestry, fishing, mining and utilities Support services to Distribution services of steam, hot water and air-conditioning supply
998635;All Services Support services to agriculture, hunting, forestry, fishing, mining and utilities Other support services to electricity , gas and water distribution
998711;All Services Maintenance, repair and installation (except construction) services Maintenance and repair services of fabricated metal products, except machinery and equipment
998712;All Services Maintenance, repair and installation (except construction) services Maintenance and repair services of office and accounting machinery
998713;All Services Maintenance, repair and installation (except construction) services Maintenance and repair services of computers and peripheral equipment
998714;All Services Maintenance, repair and installation (except construction) services Maintenance and repair services of transport machinery and equipment
998715;All Services Maintenance, repair and installation (except construction) services Maintenance and repair services of electrical household appliances
998716;All Services Maintenance, repair and installation (except construction) services Maintenance and repair services of telecommunication equipments and apparatus
998717;All Services Maintenance, repair and installation (except construction) services Maintenance and repair services of commercial and industrial machinery
998718;All Services Maintenance, repair and installation (except construction) services Maintenance and repair services of elevators and escalators
998719;All Services Maintenance, repair and installation (except construction) services Maintenance and repair services of other machinery and equipments
998721;All Services Maintenance, repair and installation (except construction) services Repair services of footwear and leather goods
998722;All Services Maintenance, repair and installation (except construction) services Repair services of watches, clocks and jewellery
998723;All Services Maintenance, repair and installation (except construction) services Repair services of garments and household textiles
998724;All Services Maintenance, repair and installation (except construction) services Repair services of furniture
998725;All Services Maintenance, repair and installation (except construction) services Repair services of bicycles
998726;All Services Maintenance, repair and installation (except construction) services Maintenance and repair services of musical instruments
998727;All Services Maintenance, repair and installation (except construction) services Repair services for photographic equipment and cameras
998729;All Services Maintenance, repair and installation (except construction) services Maintenance and repair services of other goods nowhere else classified
998731;All Services Maintenance, repair and installation (except construction) services Installation services of fabricated metal products, except machinery and equipment
998732;All Services Maintenance, repair and installation (except construction) services Installation services of industrial, manufacturing and service industry machinery and equipment
998733;All Services Maintenance, repair and installation (except construction) services Installation services of office and accounting machinery and computers
998734;All Services Maintenance, repair and installation (except construction) services Installation services of radio, television and communications equipment and apparatus
998735;All Services Maintenance, repair and installation (except construction) services Installation services of professional medical machinery and equipment, and precision and optical instruments
998736;All Services Maintenance, repair and installation (except construction) services Installation services of electrical machinery and apparatus nowhere else classified
998739;All Services Maintenance, repair and installation (except construction) services Installation services of other goods nowhere else classified
998811;All Services Manufacturing services on physical inputs (goods) owned by others Meat processing services
998812;All Services Manufacturing services on physical inputs (goods) owned by others Fish processing services
998813;All Services Manufacturing services on physical inputs (goods) owned by others Fruit and vegetables processing services
998814;All Services Manufacturing services on physical inputs (goods) owned by others Vegetable and animal oil and fat manufacturing services
998815;All Services Manufacturing services on physical inputs (goods) owned by others Dairy product manufacturing services
998816;All Services Manufacturing services on physical inputs (goods) owned by others Other food product manufacturing services
998817;All Services Manufacturing services on physical inputs (goods) owned by others Prepared animal feeds manufacturing services
998818;All Services Manufacturing services on physical inputs (goods) owned by others Beverage manufacturing services
998819;All Services Manufacturing services on physical inputs (goods) owned by others Tobacco manufacturing services nowhere else classified
998821;All Services Manufacturing services on physical inputs (goods) owned by others Textile manufacturing services
998822;All Services Manufacturing services on physical inputs (goods) owned by others Wearing apparel manufacturing services
998823;All Services Manufacturing services on physical inputs (goods) owned by others Leather and leather product manufacturing services
998829;All Services Manufacturing services on physical inputs (goods) owned by others Textile, wearing apparel and leather manufacturing services other than services by way of job work specified above.
998831;All Services Manufacturing services on physical inputs (goods) owned by others Wood and wood product manufacturing services
998832;All Services Manufacturing services on physical inputs (goods) owned by others Paper and paper product manufacturing services
998839;All Services Manufacturing services on physical inputs (goods) owned by others Wood and paper manufacturing services other than services by way of job work specified above
998841;All Services Manufacturing services on physical inputs (goods) owned by others Coke and refined petroleum product manufacturing services
998842;All Services Manufacturing services on physical inputs (goods) owned by others Chemical product manufacturing services
998843;All Services Manufacturing services on physical inputs (goods) owned by others Pharmaceutical product manufacturing services
998849;All Services Manufacturing services on physical inputs (goods) owned by others Petroleum, chemical and pharmaceutical products manufacturing services other than services by way of job work specified above 
998851;All Services Manufacturing services on physical inputs (goods) owned by others Rubber and plastic product manufacturing services
998852;All Services Manufacturing services on physical inputs (goods) owned by others Plastic product manufacturing services
998853;All Services Manufacturing services on physical inputs (goods) owned by others Other non-metallic mineral product manufacturing services
998859;All Services Manufacturing services on physical inputs (goods) owned by others Rubber, plastic and other non-metallic mineral product manufacturing services, other than services by way of job work specified above.
998860;All Services Manufacturing services on physical inputs (goods) owned by others Basic metal manufacturing services
998861;All Services Manufacturing services on physical inputs (goods) owned by others Services by way of job work in relation to basic metals
998869;All Services Manufacturing services on physical inputs (goods) owned by others Basic metal manufacturing services, other than services by way of job work specified above
998871;All Services Manufacturing services on physical inputs (goods) owned by others Structural metal product, tank, reservoir and steam generator manufacturing services
998872;All Services Manufacturing services on physical inputs (goods) owned by others Weapon and ammunition manufacturing services
998873;All Services Manufacturing services on physical inputs (goods) owned by others Other fabricated metal product manufacturing and metal treatment services
998874;All Services Manufacturing services on physical inputs (goods) owned by others Computer, electronic and optical product manufacturing services
998875;All Services Manufacturing services on physical inputs (goods) owned by others Electrical equipment manufacturing services
998876;All Services Manufacturing services on physical inputs (goods) owned by others General-purpose machinery manufacturing services nowhere else classified
998877;All Services Manufacturing services on physical inputs (goods) owned by others Special-purpose machinery manufacturing services
998879;All Services Manufacturing services on physical inputs (goods) owned by others Fabricated metal product, machinery and equipment manufacturing services, other than services by way of job work specified above
998881;All Services Manufacturing services on physical inputs (goods) owned by others Motor vehicle and trailer manufacturing services
998882;All Services Manufacturing services on physical inputs (goods) owned by others Other transport equipment manufacturing services
998883;All Services Manufacturing services on physical inputs (goods) owned by others Services  by way of job work in relation to bus body building
998889;All Services Manufacturing services on physical inputs (goods) owned by others Transport equipment manufacturing services, other than job work services specified above
998891;All Services Manufacturing services on physical inputs (goods) owned by others Furniture manufacturing services
998892;All Services Manufacturing services on physical inputs (goods) owned by others Jewellery manufacturing services
998893;All Services Manufacturing services on physical inputs (goods) owned by others Imitation jewellery manufacturing services
998894;All Services Manufacturing services on physical inputs (goods) owned by others Musical instrument manufacturing services
998895;All Services Manufacturing services on physical inputs (goods) owned by others Sports goods manufacturing services
998896;All Services Manufacturing services on physical inputs (goods) owned by others Game and toy manufacturing services
998897;All Services Manufacturing services on physical inputs (goods) owned by others Medical and dental instrument and supply manufacturing services
998898;All Services Manufacturing services on physical inputs (goods) owned by others Other manufacturing services nowhere else classified
998899;All Services Manufacturing services on physical inputs (goods) owned by others Other manufacturing services nowhere else classified
998911;"All Services Other manufacturing services; publishing, printing and reproduction services; materials recovery services Publishing, on a fee or contract basis"
998912;"All Services Other manufacturing services; publishing, printing and reproduction services; materials recovery services Printing and reproduction services of recorded media, on a fee or contract basis"
998920;"All Services Other manufacturing services; publishing, printing and reproduction services; materials recovery services Moulding, pressing, stamping, extruding and similar plastic manufacturing services"
998931;"All Services Other manufacturing services; publishing, printing and reproduction services; materials recovery services Iron and steel casting services"
998932;"All Services Other manufacturing services; publishing, printing and reproduction services; materials recovery services Non-ferrous metal casting services"
998933;"All Services Other manufacturing services; publishing, printing and reproduction services; materials recovery services Metal forging, pressing, stamping, roll forming and powder metallurgy services"
998941;"All Services Other manufacturing services; publishing, printing and reproduction services; materials recovery services Metal waste and scrap recovery (recycling) services, on a fee or contract basis"
998942;"All Services Other manufacturing services; publishing, printing and reproduction services; materials recovery services Non-metal waste and scrap recovery (recycling) services, on a fee or contract basis"
998950;"All Services Other manufacturing services; publishing, printing and reproduction services; materials recovery services Other manufacturing services, publishing, printing and reproduction services, materials recovery services nowhere else classified"
999111;"All Services Public administration and other services provided to the community as a whole; compulsory social security services Overall Government public services"
999112;"All Services Public administration and other services provided to the community as a whole; compulsory social security services Public administrative services related to the provision of educational, health care, cultural and other social services, excluding social security service"
999113;"All Services Public administration and other services provided to the community as a whole; compulsory social security services Public administrative services related to the more efficient operation of business"
999119;"All Services Public administration and other services provided to the community as a whole; compulsory social security services Other administrative services of the government nowhere else classified"
999121;"All Services Public administration and other services provided to the community as a whole; compulsory social security services Public administrative services related to External Affairs, Diplomatic and Consular services abroad"
999122;"All Services Public administration and other services provided to the community as a whole; compulsory social security services Services related to foreign economic aid"
999123;"All Services Public administration and other services provided to the community as a whole; compulsory social security services Services related to foreign military aid"
999124;"All Services Public administration and other services provided to the community as a whole; compulsory social security services Military defence services"
999125;"All Services Public administration and other services provided to the community as a whole; compulsory social security services Civil defence services"
999126;"All Services Public administration and other services provided to the community as a whole; compulsory social security services Police and fire protection services"
999127;"All Services Public administration and other services provided to the community as a whole; compulsory social security services Public administrative services related to law courts"
999128;"All Services Public administration and other services provided to the community as a whole; compulsory social security services Administrative services related to the detention or rehabilitation of criminals"
999129;"All Services Public administration and other services provided to the community as a whole; compulsory social security services Public administrative services related to other public order and safety affairs nowhere else classified"
999131;"All Services Public administration and other services provided to the community as a whole; compulsory social security services Administrative services related to sickness, maternity or temporary disablement benefit schemes"
999132;"All Services Public administration and other services provided to the community as a whole; compulsory social security services Administrative services related to government employee pension schemes; old-age disability or survivors' benefit schemes, other than for government employees"
999133;"All Services Public administration and other services provided to the community as a whole; compulsory social security services Administrative services related to unemployment compensation benefit schemes"
999134;"All Services Public administration and other services provided to the community as a whole; compulsory social security services Administrative services related to family and child allowance programmes"
999139;"All Services Public administration and other services provided to the community as a whole; compulsory social security services Other administrative services related to compulsory social security schemes"
999210;All Services Education services Pre-primary education services
999220;All Services Education services Primary education services
999231;All Services Education services Secondary education services, general
999232;All Services Education services Secondary education services, technical and vocational
999241;All Services Education services Higher education services, general
999242;All Services Education services Higher education services, technical
999243;All Services Education services Higher education services, vocational
999249;All Services Education services Other higher education services
999250;All Services Education services Specialised education services
999259;All Services Education services Specialised education services 
999291;All Services Education services Cultural education services
999292;All Services Education services Sports and recreation education services
999293;All Services Education services Commercial training and coaching services
999294;All Services Education services Other education and training services nowhere else classified
999295;All Services Education services services involving conduct of examination for admission to educational institutions
999299;All Services Education services Other Educational support services
999311;All Services Human health and social care services Inpatient services
999312;All Services Human health and social care services Medical and dental services
999313;All Services Human health and social care services Childbirth and related services
999314;All Services Human health and social care services Nursing and physiotherapeutic services
999315;All Services Human health and social care services Ambulance services
999316;All Services Human health and social care services Medical laboratory and diagnostic-imaging services
999317;All Services Human health and social care services Blood, sperm and organ bank services
999318;All Services Human health and social care services Blood, sperm and organ bank services
999319;All Services Human health and social care services Other human health services including homeopathy, unani, ayurveda, naturopathy, acupuncture and the like
999321;All Services Human health and social care services Residential health-care services other than by hospitals
999322;All Services Human health and social care services Residential care services for the elderly and persons with disabilities
999331;All Services Human health and social care services Residential care services for children suffering from mental retardation, mental health illnesses or substance abuse
999332;All Services Human health and social care services Other social services with accommodation for children
999333;All Services Human health and social care services Residential care services for adults suffering from mental retardation, mental health illnesses or substance abuse
999334;All Services Human health and social care services Other social services with accommodation for adults
999341;All Services Human health and social care services Vocational rehabilitation services
999349;All Services Human health and social care services Other social services without accommodation for the elderly and disabled nowhere else classified
999351;All Services Human health and social care services Child day-care services
999352;All Services Human health and social care services Guidance and counseling services nowhere else classified related to children
999353;All Services Human health and social care services Welfare services without accommodation
999359;All Services Human health and social care services Other social services without accommodation nowhere else classified
999411;All Services Sewage and waste collection, treatment and disposal and other environmental protection services Sewerage and sewage treatment services
999412;All Services Sewage and waste collection, treatment and disposal and other environmental protection services Septic tank emptying and cleaning services
999413;All Services Sewage and waste collection, treatment and disposal and other environmental protection services Septic tank emptying and cleaning services
999419;All Services Sewage and waste collection, treatment and disposal and other environmental protection services Other sewerage, sewage treatment and septic tank cleaning services
999421;All Services Sewage and waste collection, treatment and disposal and other environmental protection services Collection services of hazardous waste
999422;All Services Sewage and waste collection, treatment and disposal and other environmental protection services Collection services of non-hazardous recyclable materials
999423;All Services Sewage and waste collection, treatment and disposal and other environmental protection services General waste collection services, residential
999424;All Services Sewage and waste collection, treatment and disposal and other environmental protection services General waste collection services, other nowhere else classified
999429;All Services Sewage and waste collection, treatment and disposal and other environmental protection services Other sewage and waste collection services
999431;All Services Sewage and waste collection, treatment and disposal and other environmental protection services Waste preparation, consolidation and storage services
999432;All Services Sewage and waste collection, treatment and disposal and other environmental protection services Hazardous waste treatment and disposal services
999433;All Services Sewage and waste collection, treatment and disposal and other environmental protection services Non-hazardous waste treatment and disposal services
999439;All Services Sewage and waste collection, treatment and disposal and other environmental protection services Other waste treatment and disposal services 
999441;All Services Sewage and waste collection, treatment and disposal and other environmental protection services Site remediation and clean-up services
999442;All Services Sewage and waste collection, treatment and disposal and other environmental protection services Containment, control and monitoring services and other site remediation services
999443;All Services Sewage and waste collection, treatment and disposal and other environmental protection services Building remediation services
999449;All Services Sewage and waste collection, treatment and disposal and other environmental protection services Other remediation services nowhere else classified
999451;All Services Sewage and waste collection, treatment and disposal and other environmental protection services Sweeping and snow removal services
999459;All Services Sewage and waste collection, treatment and disposal and other environmental protection services Other sanitation services nowhere else classified
999490;All Services Sewage and waste collection, treatment and disposal and other environmental protection services Other environmental protection services nowhere else classified
999491;All Services Sewage and waste collection, treatment and disposal and other environmental protection services Services by way of treatment or disposal of biomedical waste or the processes incidental thereto by a common biomedical waste treatment facility to a clinical establishment.
999499;All Services Sewage and waste collection, treatment and disposal and other environmental protection services Other environmental protection services nowhere else classified
999511;All Services Services of membership organisations Services furnished by business and employers organisations
999512;All Services Services of membership organisations Services furnished by professional organisations
999520;All Services Services of membership organisations Services furnished by trade unions
999591;All Services Services of membership organisations Religious services
999592;All Services Services of membership organisations Services furnished by political organisations
999593;All Services Services of membership organisations Services furnished by human rights organisations
999594;All Services Services of membership organisations Cultural and recreational associations
999595;All Services Services of membership organisations Services furnished by environmental advocacy groups
999596;All Services Services of membership organisations Services provided by youth associations
999597;All Services Services of membership organisations Other civic and social organisations
999598;All Services Services of membership organisations Home owners associations
999599;All Services Services of membership organisations Services provided by other membership organisations nowhere else classified
999611;All Services Recreational, cultural and sporting services Sound recording services
999612;All Services Recreational, cultural and sporting services Motion picture, videotape, television and radio programme production services
999613;All Services Recreational, cultural and sporting services Audiovisual post-production services
999614;All Services Recreational, cultural and sporting services Motion picture, videotape and television programme distribution services
999615;All Services Recreational, cultural and sporting services Motion picture projection services
999616;All Services Recreational, cultural and sporting services Services by way of admission to exhibition of cinematograph films where price of admission ticket is one hundred rupees or less
999617;All Services Recreational, cultural and sporting services Services by way of admission to exhibition of cinematograph films where price of admission ticket is above one hundred rupees.
999621;All Services Recreational, cultural and sporting services Performing arts event promotion and organisation services
999622;All Services Recreational, cultural and sporting services Performing arts event production and presentation services
999623;All Services Recreational, cultural and sporting services Performing arts facility operation services
999624;All Services Recreational, cultural and sporting services Services by way of admission or access to circus, Indian classical dance including folk dance, theatrical performance, drama [or planetarium], ballet etc.
999629;All Services Recreational, cultural and sporting services Other performing arts and live entertainment services nowhere else classified
999631;All Services Recreational, cultural and sporting services Services of performing artists including actors, readers, musicians, singers, dancers, television personalities, independent models and the like
999632;All Services Recreational, cultural and sporting services Services of authors, composers, sculptors and other artists, except performing artists
999633;All Services Recreational, cultural and sporting services Original works of authors, composers and other artists except performing artists, painters and sculptors
999641;All Services Recreational, cultural and sporting services Museum and preservation services of historical sites and buildings
999642;All Services Recreational, cultural and sporting services Botanical, zoological and nature reserve services
999651;All Services Recreational, cultural and sporting services Sports and recreational sports event promotion and organisation services
999652;All Services Recreational, cultural and sporting services Sports and recreational sports facility operation services
999653;All Services Recreational, cultural and sporting services Services by way of admission to sporting events like Indian Premier League.
999659;All Services Recreational, cultural and sporting services Other sports and recreational sports services nowhere else classified
999661;All Services Recreational, cultural and sporting services Services of athletes
999662;All Services Recreational, cultural and sporting services Support services related to sports and recreation
999691;All Services Recreational, cultural and sporting services Amusement park and similar attraction services 
999692;All Services Recreational, cultural and sporting services Coin-operated amusement machine services
999693;All Services Recreational, cultural and sporting services Coin-operated amusement machine services
999694;All Services Recreational, cultural and sporting services Services by way of admission to casinos or race clubs or any place having casinos or race clubs 
999699;All Services Recreational, cultural and sporting services Other recreation and amusement services nowhere else classified
999711;All Services Other services Coin-operated laundry services
999712;All Services Other services Dry-cleaning services (including fur product cleaning services)
999713;All Services Other services Other textile cleaning services
999714;All Services Other services Pressing services
999715;All Services Other services Dyeing and colouring services
999719;All Services Other services Other washing, cleaning and dyeing services nowhere else classified
999721;All Services Other services Hairdressing and barbers services
999722;All Services Other services Cosmetic treatment (including cosmetic or plastic surgery), manicuring and pedicuring services
999723;All Services Other services Physical well-being services including health club and fitness centre
999729;All Services Other services Other beauty treatment services nowhere else classified
999731;All Services Other services Cemeteries and cremation services
999732;All Services Other services Undertaking services
999791;All Services Other services Services involving commercial use or exploitation of any event
999792;All Services Other services Agreeing to do an act
999793;All Services Other services Agreeing to refrain from doing an act
999794;All Services Other services Agreeing to tolerate an act
999795;All Services Other services Conduct of religious ceremonies or rituals by persons
999799;All Services Other services Other services nowhere else classified
999800;All Services Domestic services Domestic services both part time and full time
999900;All Services Services provided by extraterritorial organisations and bodies
996541;All Services Goods Transport Services Multimodal Transport of goods from a place in India to another place in India
